product_id,recall_id,source_agency,external_id,name,brand,model_number,upc,lot_codes,category,model_year
9426,10172,CPSC,26606,Insignia Front Control Gas Ranges,,,,,consumer_product,
9427,10173,CPSC,26607,BBRKIN and MouTec Biometric Firearm Safes,,,,,consumer_product,
9428,10174,CPSC,26605,Cuisinart Propel+ Four Burner 3-in-1 Gas Grill with pizza oven,,,,,consumer_product,
9429,10175,CPSC,26610,Flaunt MagSafe Battery Chargers,,,,,consumer_product,
9430,10176,CPSC,26611,"Kobalt 24V and 48V Trimmers, Blowers, Mowers, Chainsaws and Pruning Saws with USB-C Batteries",,,,,consumer_product,
9431,10177,CPSC,26608,Moodooy Adult Portable Bed Rails,,,,,consumer_product,
9432,10178,CPSC,26609,WonderStone Infant Walkers,,,,,consumer_product,
120480,24935,NHTSA,26V434000,BRAUN CHEVROLET TRAVERSE 2026,BRAUN,CHEVROLET TRAVERSE,,000261430005675886000000153,vehicle,2026
122840,25274,NHTSA,26E043000,KENWAY 12V SUBMERSIBLE LIGHTS 9999,KENWAY,12V SUBMERSIBLE LIGHTS,,000261439004593731000001803,vehicle,
122841,25274,NHTSA,26E043000,KENWAY 12V LED TOWING LIGHT KIT 9999,KENWAY,12V LED TOWING LIGHT KIT,,000261439004584732000001803,vehicle,
121353,25059,NHTSA,26V433000,TOYOTA TUNDRA 2026,TOYOTA,TUNDRA,,000261429005669628000000349,vehicle,2026
121950,25145,NHTSA,26E042000,AMERICAN SEATING Q'STRAINT MAX 9999,AMERICAN SEATING,Q'STRAINT MAX,,000261428000786891000002110,vehicle,
1,1,FSIS,PHA-07032026-01,"2.5-oz. plastic bag packages of “STREET’S BEEF Jerky TERIYAKI FLAVOR” with lot codes 0701271, 0520271, 04014271, 0415271, 0211271, 1015261, 1016261, 1029261, 0909261, 0806261, and 0820261 shown on a sticker on the packaging.",,,,PHA-07032026-01-labels,food,
9433,10179,CPSC,26596,AMASKY Nursing Pillows,,,,,consumer_product,
9434,10180,CPSC,26601,Metal Wire Bristle Grill Brushes,,,,,consumer_product,
9435,10181,CPSC,26599,Metalux Optimized High Bay (OHB) LED Light Fixtures,,,,,consumer_product,
9436,10182,CPSC,26593,CVS Health Medicated Hemorrhoidal Wipes,,,,,consumer_product,
9437,10183,CPSC,26600,Junpower CR2032 Batteries,,,,,consumer_product,
9438,10184,CPSC,26594,POPOOO Jungle Safari LED Finger Lights,,,,,consumer_product,
9439,10185,CPSC,26595,Rowenta Cordless Vacuum Cleaners with lithium-ion battery,,,,,consumer_product,
9440,10186,CPSC,26598,Gigglescape™ Under the Sea Popping Toy,,,,,consumer_product,
9441,10187,CPSC,26592,Topyond Pool Drain Port with Cover,,,,,consumer_product,
9442,10188,CPSC,26591,VEVOR baby loungers,,,,,consumer_product,
9443,10189,CPSC,26603,Roman Candles 8 Shot 3-Pack Firework Devices,,,,,consumer_product,
9444,10190,CPSC,26602,Unity 7 Shot 200 Gram Aerial Cake Firework Devices,,,,,consumer_product,
120473,24932,NHTSA,26V426000,JAYCO FIFTH WHEEL SEISMIC 2026,JAYCO FIFTH WHEEL,SEISMIC,,000261420005673146000001888,vehicle,2026
120474,24933,NHTSA,26V431000,KIA EV6 2022,KIA,EV6,,000261425005206753000001305,vehicle,2022
120475,24933,NHTSA,26V431000,KIA EV6 2023,KIA,EV6,,000261425005550917000001305,vehicle,2023
120476,24933,NHTSA,26V431000,KIA EV6 2024,KIA,EV6,,000261425005605549000001305,vehicle,2024
120477,24933,NHTSA,26V431000,KIA EV9 2024,KIA,EV9,,000261425005602479000001305,vehicle,2024
120478,24934,NHTSA,26V432000,HYUNDAI IONIQ 5 2023,HYUNDAI,IONIQ 5,,000261427005553984000001305,vehicle,2023
120479,24934,NHTSA,26V432000,HYUNDAI IONIQ 5 2024,HYUNDAI,IONIQ 5,,000261427005608524000001305,vehicle,2024
121358,25061,NHTSA,26V427000,HEARTLAND CYCLONE TT 2026,HEARTLAND,CYCLONE TT,,000261421005675691000001888,vehicle,2026
121359,25061,NHTSA,26V427000,HEARTLAND CYCLONE FW 2026,HEARTLAND,CYCLONE FW,,000261421005675711000001888,vehicle,2026
121935,25143,NHTSA,26V429000,ALTEC SERVICE BODY 2022,ALTEC,SERVICE BODY,,000261423005578177000000207,vehicle,2022
121936,25143,NHTSA,26V429000,ALTEC SERVICE BODY 2022,ALTEC,SERVICE BODY,,000261423005578177000001786,vehicle,2022
121937,25143,NHTSA,26V429000,ALTEC SERVICE BODY 2023,ALTEC,SERVICE BODY,,000261423005578178000000207,vehicle,2023
121938,25143,NHTSA,26V429000,ALTEC SERVICE BODY 2023,ALTEC,SERVICE BODY,,000261423005578178000001786,vehicle,2023
121939,25143,NHTSA,26V429000,ALTEC SERVICE BODY 2024,ALTEC,SERVICE BODY,,000261423005643817000000207,vehicle,2024
121940,25143,NHTSA,26V429000,ALTEC SERVICE BODY 2024,ALTEC,SERVICE BODY,,000261423005643817000001786,vehicle,2024
121941,25143,NHTSA,26V429000,ALTEC SERVICE BODY 2025,ALTEC,SERVICE BODY,,000261423005672611000000207,vehicle,2025
121942,25143,NHTSA,26V429000,ALTEC SERVICE BODY 2025,ALTEC,SERVICE BODY,,000261423005672611000001786,vehicle,2025
121943,25143,NHTSA,26V429000,ALTEC SERVICE BODY 2026,ALTEC,SERVICE BODY,,000261423005672615000000207,vehicle,2026
121944,25143,NHTSA,26V429000,ALTEC SERVICE BODY 2026,ALTEC,SERVICE BODY,,000261423005672615000001786,vehicle,2026
121945,25144,NHTSA,26V430000,KIA TELLURIDE 2020,KIA,TELLURIDE,,000261424003955717000000321,vehicle,2020
121946,25144,NHTSA,26V430000,KIA TELLURIDE 2021,KIA,TELLURIDE,,000261424004466745000000321,vehicle,2021
121947,25144,NHTSA,26V430000,KIA TELLURIDE 2022,KIA,TELLURIDE,,000261424004870749000000321,vehicle,2022
121948,25144,NHTSA,26V430000,KIA TELLURIDE 2023,KIA,TELLURIDE,,000261424005417761000000321,vehicle,2023
121949,25144,NHTSA,26V430000,KIA TELLURIDE 2024,KIA,TELLURIDE,,000261424005587437000000321,vehicle,2024
292790,128573,FDA,FDA_ALERT:20260702:045fed92e8d8,High Protein Chopped Chicken & Duck Flavor Wet Dog Food,Pedigree,,,,animal_veterinary,
121281,25058,NHTSA,26V422000,BMW 740I XDRIVE 2023,BMW,740I XDRIVE,,000261416005675861000001145,vehicle,2023
121282,25058,NHTSA,26V422000,BMW 740I XDRIVE 2023,BMW,740I XDRIVE,,000261416005675861000001664,vehicle,2023
121283,25058,NHTSA,26V422000,BMW 740I 2025,BMW,740I,,000261416005658270000001145,vehicle,2025
121284,25058,NHTSA,26V422000,BMW 740I 2025,BMW,740I,,000261416005658270000001664,vehicle,2025
121285,25058,NHTSA,26V422000,BMW X1 2024,BMW,X1,,000261416005602501000001145,vehicle,2024
121286,25058,NHTSA,26V422000,BMW X1 2024,BMW,X1,,000261416005602501000001664,vehicle,2024
121287,25058,NHTSA,26V422000,BMW X1 2023,BMW,X1,,000261416005525751000001145,vehicle,2023
121288,25058,NHTSA,26V422000,BMW X1 2023,BMW,X1,,000261416005525751000001664,vehicle,2023
121289,25058,NHTSA,26V422000,BMW X6 2024,BMW,X6,,000261416005586207000001145,vehicle,2024
121290,25058,NHTSA,26V422000,BMW X6 2024,BMW,X6,,000261416005586207000001664,vehicle,2024
121291,25058,NHTSA,26V422000,BMW X6 2025,BMW,X6,,000261416005645849000001145,vehicle,2025
121292,25058,NHTSA,26V422000,BMW X6 2025,BMW,X6,,000261416005645849000001664,vehicle,2025
121293,25058,NHTSA,26V422000,BMW X7 2025,BMW,X7,,000261416005645848000001145,vehicle,2025
121294,25058,NHTSA,26V422000,BMW X7 2025,BMW,X7,,000261416005645848000001664,vehicle,2025
121295,25058,NHTSA,26V422000,BMW X7 2024,BMW,X7,,000261416005577102000001145,vehicle,2024
121296,25058,NHTSA,26V422000,BMW X7 2024,BMW,X7,,000261416005577102000001664,vehicle,2024
121297,25058,NHTSA,26V422000,BMW X7 2023,BMW,X7,,000261416005292782000001145,vehicle,2023
121298,25058,NHTSA,26V422000,BMW X7 2023,BMW,X7,,000261416005292782000001664,vehicle,2023
121299,25058,NHTSA,26V422000,BMW XM 2024,BMW,XM,,000261416005615574000001145,vehicle,2024
121300,25058,NHTSA,26V422000,BMW XM 2024,BMW,XM,,000261416005615574000001664,vehicle,2024
121301,25058,NHTSA,26V422000,BMW XM 2023,BMW,XM,,000261416005574129000001145,vehicle,2023
121302,25058,NHTSA,26V422000,BMW XM 2023,BMW,XM,,000261416005574129000001664,vehicle,2023
121303,25058,NHTSA,26V422000,BMW 540I XDRIVE 2025,BMW,540I XDRIVE,,000261416005658271000001145,vehicle,2025
121304,25058,NHTSA,26V422000,BMW 540I XDRIVE 2025,BMW,540I XDRIVE,,000261416005658271000001664,vehicle,2025
121305,25058,NHTSA,26V422000,BMW 540I XDRIVE 2024,BMW,540I XDRIVE,,000261416005659279000001145,vehicle,2024
121306,25058,NHTSA,26V422000,BMW 540I XDRIVE 2024,BMW,540I XDRIVE,,000261416005659279000001664,vehicle,2024
121307,25058,NHTSA,26V422000,BMW 530I XDRIVE 2025,BMW,530I XDRIVE,,000261416005658272000001145,vehicle,2025
121308,25058,NHTSA,26V422000,BMW 530I XDRIVE 2025,BMW,530I XDRIVE,,000261416005658272000001664,vehicle,2025
121309,25058,NHTSA,26V422000,BMW 530I XDRIVE 2024,BMW,530I XDRIVE,,000261416005659278000001145,vehicle,2024
121310,25058,NHTSA,26V422000,BMW 530I XDRIVE 2024,BMW,530I XDRIVE,,000261416005659278000001664,vehicle,2024
121311,25058,NHTSA,26V422000,BMW 530I 2025,BMW,530I,,000261416005658273000001145,vehicle,2025
121312,25058,NHTSA,26V422000,BMW 530I 2025,BMW,530I,,000261416005658273000001664,vehicle,2025
121313,25058,NHTSA,26V422000,BMW 530I 2024,BMW,530I,,000261416005595572000001145,vehicle,2024
121314,25058,NHTSA,26V422000,BMW 530I 2024,BMW,530I,,000261416005595572000001664,vehicle,2024
121315,25058,NHTSA,26V422000,BMW I5 2025,BMW,I5,,000261416005642778000001145,vehicle,2025
121316,25058,NHTSA,26V422000,BMW I5 2025,BMW,I5,,000261416005642778000001664,vehicle,2025
121317,25058,NHTSA,26V422000,BMW I5 2024,BMW,I5,,000261416005602510000001145,vehicle,2024
121318,25058,NHTSA,26V422000,BMW I5 2024,BMW,I5,,000261416005602510000001664,vehicle,2024
121319,25058,NHTSA,26V422000,BMW 760I XDRIVE 2025,BMW,760I XDRIVE,,000261416005658268000001145,vehicle,2025
121320,25058,NHTSA,26V422000,BMW 760I XDRIVE 2025,BMW,760I XDRIVE,,000261416005658268000001664,vehicle,2025
121321,25058,NHTSA,26V422000,BMW 760I XDRIVE 2024,BMW,760I XDRIVE,,000261416005659284000001145,vehicle,2024
121322,25058,NHTSA,26V422000,BMW 760I XDRIVE 2024,BMW,760I XDRIVE,,000261416005659284000001664,vehicle,2024
121323,25058,NHTSA,26V422000,BMW 760I XDRIVE 2023,BMW,760I XDRIVE,,000261416005661290000001145,vehicle,2023
121324,25058,NHTSA,26V422000,BMW 760I XDRIVE 2023,BMW,760I XDRIVE,,000261416005661290000001664,vehicle,2023
121325,25058,NHTSA,26V422000,BMW 740I 2024,BMW,740I,,000261416005595573000001145,vehicle,2024
121326,25058,NHTSA,26V422000,BMW 740I 2024,BMW,740I,,000261416005595573000001664,vehicle,2024
121327,25058,NHTSA,26V422000,BMW 740I XDRIVE 2025,BMW,740I XDRIVE,,000261416005658269000001145,vehicle,2025
121328,25058,NHTSA,26V422000,BMW 740I XDRIVE 2025,BMW,740I XDRIVE,,000261416005658269000001664,vehicle,2025
121329,25058,NHTSA,26V422000,BMW 740I XDRIVE 2024,BMW,740I XDRIVE,,000261416005659285000001145,vehicle,2024
121330,25058,NHTSA,26V422000,BMW 740I XDRIVE 2024,BMW,740I XDRIVE,,000261416005659285000001664,vehicle,2024
121331,25058,NHTSA,26V422000,BMW 740I 2023,BMW,740I,,000261416005543917000001145,vehicle,2023
121332,25058,NHTSA,26V422000,BMW 740I 2023,BMW,740I,,000261416005543917000001664,vehicle,2023
121333,25058,NHTSA,26V422000,BMW I7 2025,BMW,I7,,000261416005658234000001145,vehicle,2025
121334,25058,NHTSA,26V422000,BMW I7 2025,BMW,I7,,000261416005658234000001664,vehicle,2025
121335,25058,NHTSA,26V422000,BMW I7 2024,BMW,I7,,000261416005602511000001145,vehicle,2024
121336,25058,NHTSA,26V422000,BMW I7 2024,BMW,I7,,000261416005602511000001664,vehicle,2024
121337,25058,NHTSA,26V422000,BMW I7 2023,BMW,I7,,000261416005521754000001145,vehicle,2023
121338,25058,NHTSA,26V422000,BMW I7 2023,BMW,I7,,000261416005521754000001664,vehicle,2023
121339,25058,NHTSA,26V422000,BMW X5 2025,BMW,X5,,000261416005645782000001145,vehicle,2025
121340,25058,NHTSA,26V422000,BMW X5 2025,BMW,X5,,000261416005645782000001664,vehicle,2025
121341,25058,NHTSA,26V422000,BMW X5 2024,BMW,X5,,000261416005586206000001145,vehicle,2024
121342,25058,NHTSA,26V422000,BMW X5 2024,BMW,X5,,000261416005586206000001664,vehicle,2024
121343,25058,NHTSA,26V422000,MINI COOPER S 2025,MINI,COOPER S,,000261416005647910000001145,vehicle,2025
121344,25058,NHTSA,26V422000,MINI COOPER S 2025,MINI,COOPER S,,000261416005647910000001664,vehicle,2025
121345,25058,NHTSA,26V422000,BMW X2 2025,BMW,X2,,000261416005658237000001145,vehicle,2025
121346,25058,NHTSA,26V422000,BMW X2 2025,BMW,X2,,000261416005658237000001664,vehicle,2025
121347,25058,NHTSA,26V422000,MINI COUNTRYMAN S ALL4 2025,MINI,COUNTRYMAN S ALL4,,000261416005658240000001145,vehicle,2025
121348,25058,NHTSA,26V422000,MINI COUNTRYMAN S ALL4 2025,MINI,COUNTRYMAN S ALL4,,000261416005658240000001664,vehicle,2025
121349,25058,NHTSA,26V422000,ROLLS-ROYCE SPECTRE 2024,ROLLS-ROYCE,SPECTRE,,000261416005612590000001145,vehicle,2024
121350,25058,NHTSA,26V422000,ROLLS-ROYCE SPECTRE 2024,ROLLS-ROYCE,SPECTRE,,000261416005612590000001664,vehicle,2024
121351,25058,NHTSA,26V422000,BMW 750E XDRIVE 2025,BMW,750E XDRIVE,,000261416005658281000001145,vehicle,2025
121352,25058,NHTSA,26V422000,BMW 750E XDRIVE 2025,BMW,750E XDRIVE,,000261416005658281000001664,vehicle,2025
121354,25060,NHTSA,26V424000,HONDA PASSPORT 2026,HONDA,PASSPORT,,000261418005672164000000045,vehicle,2026
121355,25060,NHTSA,26V424000,HONDA PASSPORT 2026,HONDA,PASSPORT,,000261418005672164000000273,vehicle,2026
121356,25060,NHTSA,26V424000,HONDA PILOT 2026,HONDA,PILOT,,000261418005675391000000273,vehicle,2026
121357,25060,NHTSA,26V424000,HONDA PILOT 2026,HONDA,PILOT,,000261418005675391000000045,vehicle,2026
121394,25066,NHTSA,26V421000,RAM 1500 2026,RAM,1500,,000261414005672419000000217,vehicle,2026
121934,25142,NHTSA,26V425000,NISSAN LEAF 2026,NISSAN,LEAF,,000261419005673185000002053,vehicle,2026
122836,25272,NHTSA,26V423000,HONDA ODYSSEY 2019,HONDA,ODYSSEY,,000261417004229172000001568,vehicle,2019
122837,25272,NHTSA,26V423000,HONDA ODYSSEY 2020,HONDA,ODYSSEY,,000261417004170726000001568,vehicle,2020
122838,25272,NHTSA,26V423000,HONDA ODYSSEY 2018,HONDA,ODYSSEY,,000261417004228918000001568,vehicle,2018
122839,25273,NHTSA,26E040000,MOPAR HEADLAMP ASSEMBLY 9999,MOPAR,HEADLAMP ASSEMBLY,,000261415004029717000000217,vehicle,
292789,128572,FDA,FDA_ALERT:20260701:dec2f251e1e6,Oribe Serene Scalp Densifying Shampoo (8.5 oz and 33.8 oz),Oribe,,,,cosmetic,
120455,24929,NHTSA,26V414000,JEEP GRAND WAGONEER L 2026,JEEP,GRAND WAGONEER L,,000261406005675381000001665,vehicle,2026
120456,24929,NHTSA,26V414000,JEEP GRAND WAGONEER L 2026,JEEP,GRAND WAGONEER L,,000261406005675381000001145,vehicle,2026
120457,24929,NHTSA,26V414000,JEEP GRAND WAGONEER 2026,JEEP,GRAND WAGONEER,,000261406005672418000001665,vehicle,2026
120458,24929,NHTSA,26V414000,JEEP GRAND WAGONEER 2026,JEEP,GRAND WAGONEER,,000261406005672418000001145,vehicle,2026
120459,24930,NHTSA,26V416000,JAYCO SENECA 2027,JAYCO,SENECA,,000261408005675699000001846,vehicle,2027
120460,24930,NHTSA,26V416000,JAYCO SENECA 2027,JAYCO,SENECA,,000261408005675699000000330,vehicle,2027
120461,24930,NHTSA,26V416000,ENTEGRA ACCOLADE 2027,ENTEGRA,ACCOLADE,,000261408005675698000001846,vehicle,2027
120462,24930,NHTSA,26V416000,ENTEGRA ACCOLADE 2027,ENTEGRA,ACCOLADE,,000261408005675698000000330,vehicle,2027
120463,24931,NHTSA,26V420000,TEKO TRIUMPH 2026,TEKO,TRIUMPH,,000261413005675839000002351,vehicle,2026
120464,24931,NHTSA,26V420000,TEKO TRIUMPH 2026,TEKO,TRIUMPH,,000261413005675839000001882,vehicle,2026
120465,24931,NHTSA,26V420000,TEKO TROPHY 2026,TEKO,TROPHY,,000261413005675842000002351,vehicle,2026
120466,24931,NHTSA,26V420000,TEKO TROPHY 2026,TEKO,TROPHY,,000261413005675842000001882,vehicle,2026
120467,24931,NHTSA,26V420000,TEKO TROPHY PLUS 2026,TEKO,TROPHY PLUS,,000261413005675841000002351,vehicle,2026
120468,24931,NHTSA,26V420000,TEKO TROPHY PLUS 2026,TEKO,TROPHY PLUS,,000261413005675841000001882,vehicle,2026
120469,24931,NHTSA,26V420000,TEKO TURBO 2026,TEKO,TURBO,,000261413005675843000002351,vehicle,2026
120470,24931,NHTSA,26V420000,TEKO TURBO 2026,TEKO,TURBO,,000261413005675843000001882,vehicle,2026
120471,24931,NHTSA,26V420000,TEKO TURBOLITE 2026,TEKO,TURBOLITE,,000261413005675840000002351,vehicle,2026
120472,24931,NHTSA,26V420000,TEKO TURBOLITE 2026,TEKO,TURBOLITE,,000261413005675840000001882,vehicle,2026
121360,25062,NHTSA,26E039000,JATCO AUTOMATIC TRANSAXLE ASSY FWD 1.5 CVT 9999,JATCO,AUTOMATIC TRANSAXLE ASSY FWD 1.5 CVT,,000261411005675844000000180,vehicle,
121361,25062,NHTSA,26E039000,JATCO AUTOMATIC TRANSAXLE ASSY FWD 1.5 CVT 9999,JATCO,AUTOMATIC TRANSAXLE ASSY FWD 1.5 CVT,,000261411005675844000000182,vehicle,
121362,25062,NHTSA,26E039000,JATCO REMAN AUTOMATIC TRANSAXLE ASSY FWD 1.5 CVT 9999,JATCO,REMAN AUTOMATIC TRANSAXLE ASSY FWD 1.5 CVT,,000261411005675846000000180,vehicle,
121363,25062,NHTSA,26E039000,JATCO REMAN AUTOMATIC TRANSAXLE ASSY FWD 1.5 CVT 9999,JATCO,REMAN AUTOMATIC TRANSAXLE ASSY FWD 1.5 CVT,,000261411005675846000000182,vehicle,
121364,25062,NHTSA,26E039000,JATCO REMAN AUTOMATIC TRANSAXLE ASSY AWD 1.5 CVT 9999,JATCO,REMAN AUTOMATIC TRANSAXLE ASSY AWD 1.5 CVT,,000261411005675847000000180,vehicle,
121365,25062,NHTSA,26E039000,JATCO REMAN AUTOMATIC TRANSAXLE ASSY AWD 1.5 CVT 9999,JATCO,REMAN AUTOMATIC TRANSAXLE ASSY AWD 1.5 CVT,,000261411005675847000000182,vehicle,
121366,25062,NHTSA,26E039000,JATCO AUTOMATIC TRANSAXLE ASSY AWD 1.5 CVT 9999,JATCO,AUTOMATIC TRANSAXLE ASSY AWD 1.5 CVT,,000261411005675845000000180,vehicle,
121367,25062,NHTSA,26E039000,JATCO AUTOMATIC TRANSAXLE ASSY AWD 1.5 CVT 9999,JATCO,AUTOMATIC TRANSAXLE ASSY AWD 1.5 CVT,,000261411005675845000000182,vehicle,
121380,25065,NHTSA,26V415000,LINCOLN NAUTILUS HYBRID 2025,LINCOLN,NAUTILUS HYBRID,,000261407005671896000001882,vehicle,2025
121381,25065,NHTSA,26V415000,LINCOLN NAUTILUS HYBRID 2025,LINCOLN,NAUTILUS HYBRID,,000261407005671896000002351,vehicle,2025
121382,25065,NHTSA,26V415000,FORD EXPLORER HYBRID 2027,FORD,EXPLORER HYBRID,,000261407005675832000001882,vehicle,2027
121383,25065,NHTSA,26V415000,FORD EXPLORER HYBRID 2027,FORD,EXPLORER HYBRID,,000261407005675832000002351,vehicle,2027
121384,25065,NHTSA,26V415000,FORD EXPLORER HYBRID 2025,FORD,EXPLORER HYBRID,,000261407005673551000001882,vehicle,2025
121385,25065,NHTSA,26V415000,FORD EXPLORER HYBRID 2025,FORD,EXPLORER HYBRID,,000261407005673551000002351,vehicle,2025
121386,25065,NHTSA,26V415000,LINCOLN NAUTILUS HYBRID 2027,LINCOLN,NAUTILUS HYBRID,,000261407005675831000001882,vehicle,2027
121387,25065,NHTSA,26V415000,LINCOLN NAUTILUS HYBRID 2027,LINCOLN,NAUTILUS HYBRID,,000261407005675831000002351,vehicle,2027
121388,25065,NHTSA,26V415000,LINCOLN NAUTILUS HYBRID 2024,LINCOLN,NAUTILUS HYBRID,,000261407005671895000001882,vehicle,2024
121389,25065,NHTSA,26V415000,LINCOLN NAUTILUS HYBRID 2024,LINCOLN,NAUTILUS HYBRID,,000261407005671895000002351,vehicle,2024
121390,25065,NHTSA,26V415000,FORD EXPLORER HYBRID 2026,FORD,EXPLORER HYBRID,,000261407005673915000001882,vehicle,2026
121391,25065,NHTSA,26V415000,FORD EXPLORER HYBRID 2026,FORD,EXPLORER HYBRID,,000261407005673915000002351,vehicle,2026
121392,25065,NHTSA,26V415000,LINCOLN NAUTILUS HYBRID 2026,LINCOLN,NAUTILUS HYBRID,,000261407005673425000001882,vehicle,2026
121393,25065,NHTSA,26V415000,LINCOLN NAUTILUS HYBRID 2026,LINCOLN,NAUTILUS HYBRID,,000261407005673425000002351,vehicle,2026
121395,25067,NHTSA,26V417000,FORD MUSTANG MACH E 2023,FORD,MUSTANG MACH E,,000261409005543793000000194,vehicle,2023
121396,25067,NHTSA,26V417000,FORD MUSTANG MACH E 2022,FORD,MUSTANG MACH E,,000261409005114749000000194,vehicle,2022
121397,25067,NHTSA,26V417000,FORD MUSTANG MACH E 2021,FORD,MUSTANG MACH E,,000261409004747749000000194,vehicle,2021
121924,25138,NHTSA,26V413000,JEEP GRAND CHEROKEE L 2024,JEEP,GRAND CHEROKEE L,,000261405005664371000000182,vehicle,2024
121925,25138,NHTSA,26V413000,JEEP WAGONEER 2023,JEEP,WAGONEER,,000261405005550913000000182,vehicle,2023
121926,25138,NHTSA,26V413000,JEEP GRAND CHEROKEE 2022,JEEP,GRAND CHEROKEE,,000261405005573959000000182,vehicle,2022
121927,25138,NHTSA,26V413000,JEEP GRAND CHEROKEE 2023,JEEP,GRAND CHEROKEE,,000261405005537767000000182,vehicle,2023
121928,25138,NHTSA,26V413000,JEEP GRAND CHEROKEE 2024,JEEP,GRAND CHEROKEE,,000261405005583233000000182,vehicle,2024
121929,25138,NHTSA,26V413000,JEEP WAGONEER L 2024,JEEP,WAGONEER L,,000261405005675850000000182,vehicle,2024
121930,25139,NHTSA,26V419000,NISSAN ROGUE 2026,NISSAN,ROGUE,,000261412005673778000000182,vehicle,2026
122831,25271,NHTSA,26V418000,FORD MUSTANG 2026,FORD,MUSTANG,,000261410005673408000000245,vehicle,2026
122832,25271,NHTSA,26V418000,FORD MUSTANG 2024,FORD,MUSTANG,,000261410005583208000000245,vehicle,2024
122833,25271,NHTSA,26V418000,FORD MUSTANG 2025,FORD,MUSTANG,,000261410005662301000000245,vehicle,2025
122834,25271,NHTSA,26V418000,FORD MUSTANG GTD 2026,FORD,MUSTANG GTD,,000261410005674926000000245,vehicle,2026
122835,25271,NHTSA,26V418000,FORD MUSTANG GTD 2025,FORD,MUSTANG GTD,,000261410005675849000000245,vehicle,2025
121875,25135,NHTSA,26V412000,TIFFIN MIDAS 2026,TIFFIN,MIDAS,,000261404005673618000000200,vehicle,2026
121876,25135,NHTSA,26V412000,TIFFIN MIDAS 2026,TIFFIN,MIDAS,,000261404005673618000000330,vehicle,2026
121877,25135,NHTSA,26V412000,TIFFIN WAYFARER 2027,TIFFIN,WAYFARER,,000261404005675422000000200,vehicle,2027
121878,25135,NHTSA,26V412000,TIFFIN WAYFARER 2027,TIFFIN,WAYFARER,,000261404005675422000000330,vehicle,2027
121879,25135,NHTSA,26V412000,TIFFIN OPEN TRAIL 2027,TIFFIN,OPEN TRAIL,,000261404005675423000000200,vehicle,2027
121880,25135,NHTSA,26V412000,TIFFIN OPEN TRAIL 2027,TIFFIN,OPEN TRAIL,,000261404005675423000000330,vehicle,2027
121881,25135,NHTSA,26V412000,TIFFIN ALLEGRO OPEN ROAD 2027,TIFFIN,ALLEGRO OPEN ROAD,,000261404005675459000000200,vehicle,2027
121882,25135,NHTSA,26V412000,TIFFIN ALLEGRO OPEN ROAD 2027,TIFFIN,ALLEGRO OPEN ROAD,,000261404005675459000000330,vehicle,2027
121883,25135,NHTSA,26V412000,TIFFIN ZEPHYR 2027,TIFFIN,ZEPHYR,,000261404005675793000000200,vehicle,2027
121884,25135,NHTSA,26V412000,TIFFIN ZEPHYR 2027,TIFFIN,ZEPHYR,,000261404005675793000000330,vehicle,2027
121885,25135,NHTSA,26V412000,TIFFIN PHAETON 2027,TIFFIN,PHAETON,,000261404005675795000000200,vehicle,2027
121886,25135,NHTSA,26V412000,TIFFIN PHAETON 2027,TIFFIN,PHAETON,,000261404005675795000000330,vehicle,2027
121887,25135,NHTSA,26V412000,TIFFIN GT1 2027,TIFFIN,GT1,,000261404005675796000000200,vehicle,2027
121888,25135,NHTSA,26V412000,TIFFIN GT1 2027,TIFFIN,GT1,,000261404005675796000000330,vehicle,2027
121889,25135,NHTSA,26V412000,TIFFIN ALLEGRO RED 2027,TIFFIN,ALLEGRO RED,,000261404005675799000000200,vehicle,2027
121890,25135,NHTSA,26V412000,TIFFIN ALLEGRO RED 2027,TIFFIN,ALLEGRO RED,,000261404005675799000000330,vehicle,2027
121891,25135,NHTSA,26V412000,TIFFIN ALLEGRO BAY 2027,TIFFIN,ALLEGRO BAY,,000261404005675801000000200,vehicle,2027
121892,25135,NHTSA,26V412000,TIFFIN ALLEGRO BAY 2027,TIFFIN,ALLEGRO BAY,,000261404005675801000000330,vehicle,2027
121893,25135,NHTSA,26V412000,TIFFIN ALLEGRO BUS 2027,TIFFIN,ALLEGRO BUS,,000261404005675802000000200,vehicle,2027
121894,25135,NHTSA,26V412000,TIFFIN ALLEGRO BUS 2027,TIFFIN,ALLEGRO BUS,,000261404005675802000000330,vehicle,2027
121895,25135,NHTSA,26V412000,TIFFIN ALLEGRO OPEN ROAD 2026,TIFFIN,ALLEGRO OPEN ROAD,,000261404005672535000000200,vehicle,2026
121896,25135,NHTSA,26V412000,TIFFIN ALLEGRO OPEN ROAD 2026,TIFFIN,ALLEGRO OPEN ROAD,,000261404005672535000000330,vehicle,2026
121897,25135,NHTSA,26V412000,TIFFIN OPEN TRAIL 2026,TIFFIN,OPEN TRAIL,,000261404005673905000000200,vehicle,2026
121898,25135,NHTSA,26V412000,TIFFIN OPEN TRAIL 2026,TIFFIN,OPEN TRAIL,,000261404005673905000000330,vehicle,2026
121899,25135,NHTSA,26V412000,TIFFIN ALLEGRO BAY 2026,TIFFIN,ALLEGRO BAY,,000261404005673996000000200,vehicle,2026
121900,25135,NHTSA,26V412000,TIFFIN ALLEGRO BAY 2026,TIFFIN,ALLEGRO BAY,,000261404005673996000000330,vehicle,2026
121901,25135,NHTSA,26V412000,TIFFIN ALLEGRO BUS 2026,TIFFIN,ALLEGRO BUS,,000261404005674789000000200,vehicle,2026
121902,25135,NHTSA,26V412000,TIFFIN ALLEGRO BUS 2026,TIFFIN,ALLEGRO BUS,,000261404005674789000000330,vehicle,2026
121903,25135,NHTSA,26V412000,TIFFIN GT1 2026,TIFFIN,GT1,,000261404005674850000000200,vehicle,2026
121904,25135,NHTSA,26V412000,TIFFIN GT1 2026,TIFFIN,GT1,,000261404005674850000000330,vehicle,2026
121905,25135,NHTSA,26V412000,TIFFIN ZEPHYR 2026,TIFFIN,ZEPHYR,,000261404005675792000000200,vehicle,2026
121906,25135,NHTSA,26V412000,TIFFIN ZEPHYR 2026,TIFFIN,ZEPHYR,,000261404005675792000000330,vehicle,2026
121907,25135,NHTSA,26V412000,TIFFIN PHAETON 2026,TIFFIN,PHAETON,,000261404005675794000000200,vehicle,2026
121908,25135,NHTSA,26V412000,TIFFIN PHAETON 2026,TIFFIN,PHAETON,,000261404005675794000000330,vehicle,2026
121909,25135,NHTSA,26V412000,TIFFIN BYWAY 2026,TIFFIN,BYWAY,,000261404005675797000000200,vehicle,2026
121910,25135,NHTSA,26V412000,TIFFIN BYWAY 2026,TIFFIN,BYWAY,,000261404005675797000000330,vehicle,2026
121911,25135,NHTSA,26V412000,TIFFIN ALLEGRO RED 2026,TIFFIN,ALLEGRO RED,,000261404005675798000000200,vehicle,2026
121912,25135,NHTSA,26V412000,TIFFIN ALLEGRO RED 2026,TIFFIN,ALLEGRO RED,,000261404005675798000000330,vehicle,2026
121913,25135,NHTSA,26V412000,TIFFIN WAYFARER 2026,TIFFIN,WAYFARER,,000261404005675420000000200,vehicle,2026
121914,25135,NHTSA,26V412000,TIFFIN WAYFARER 2026,TIFFIN,WAYFARER,,000261404005675420000000330,vehicle,2026
121915,25135,NHTSA,26V412000,TIFFIN ALLEGRO BREEZE 2026,TIFFIN,ALLEGRO BREEZE,,000261404005675800000000200,vehicle,2026
121916,25135,NHTSA,26V412000,TIFFIN ALLEGRO BREEZE 2026,TIFFIN,ALLEGRO BREEZE,,000261404005675800000000330,vehicle,2026
122827,25268,NHTSA,26V411000,JAYCO ALANTE 2024,JAYCO,ALANTE,,000261403005575152000000349,vehicle,2024
122828,25268,NHTSA,26V411000,ENTEGRA VISION 2024,ENTEGRA,VISION,,000261403005575149000000349,vehicle,2024
120452,24928,NHTSA,26V409000,ALTEC DIGGER DERRICK 2023,ALTEC,DIGGER DERRICK,,000261401005546944000000345,vehicle,2023
120453,24928,NHTSA,26V409000,ALTEC DIGGER DERRICK 2024,ALTEC,DIGGER DERRICK,,000261401005646733000000345,vehicle,2024
120454,24928,NHTSA,26V409000,ALTEC DIGGER DERRICK 2025,ALTEC,DIGGER DERRICK,,000261401005672084000000345,vehicle,2025
121398,25068,NHTSA,26V406000,DIAMOND COACH VIP 2026,DIAMOND COACH,VIP,,000261398005675772000002110,vehicle,2026
121399,25068,NHTSA,26V406000,DIAMOND COACH VIP 2025,DIAMOND COACH,VIP,,000261398005674107000002110,vehicle,2025
121867,25134,NHTSA,26V407000,THOMAS BUILT BUSES SAF-T-LINER HDX2 2027,THOMAS BUILT BUSES,SAF-T-LINER HDX2,,000261399005674617000001748,vehicle,2027
121868,25134,NHTSA,26V407000,THOMAS BUILT BUSES SAF-T-LINER HDX2 2027,THOMAS BUILT BUSES,SAF-T-LINER HDX2,,000261399005674617000000289,vehicle,2027
121869,25134,NHTSA,26V407000,THOMAS BUILT BUSES SAF-T-LINER HDX2 2026,THOMAS BUILT BUSES,SAF-T-LINER HDX2,,000261399005673200000001748,vehicle,2026
121870,25134,NHTSA,26V407000,THOMAS BUILT BUSES SAF-T-LINER HDX2 2026,THOMAS BUILT BUSES,SAF-T-LINER HDX2,,000261399005673200000000289,vehicle,2026
121871,25134,NHTSA,26V407000,THOMAS BUILT BUSES SAF-T-LINER EFX2 2026,THOMAS BUILT BUSES,SAF-T-LINER EFX2,,000261399005675848000000289,vehicle,2026
121872,25134,NHTSA,26V407000,THOMAS BUILT BUSES SAF-T-LINER EFX2 2027,THOMAS BUILT BUSES,SAF-T-LINER EFX2,,000261399005674618000001748,vehicle,2027
121873,25134,NHTSA,26V407000,THOMAS BUILT BUSES SAF-T-LINER EFX2 2027,THOMAS BUILT BUSES,SAF-T-LINER EFX2,,000261399005674618000000289,vehicle,2027
121874,25134,NHTSA,26V407000,THOMAS BUILT BUSES SAF-T-LINER EFX2 2026,THOMAS BUILT BUSES,SAF-T-LINER EFX2,,000261399005675848000001748,vehicle,2026
121917,25136,NHTSA,26V408000,THOMAS BUILT BUSES SAF-T-LINER HDX2 2027,THOMAS BUILT BUSES,SAF-T-LINER HDX2,,000261400005674617000001748,vehicle,2027
121918,25136,NHTSA,26V408000,THOMAS BUILT BUSES SAF-T-LINER HDX2 2027,THOMAS BUILT BUSES,SAF-T-LINER HDX2,,000261400005674617000000289,vehicle,2027
121919,25136,NHTSA,26V408000,THOMAS BUILT BUSES SAF-T-LINER HDX2 2026,THOMAS BUILT BUSES,SAF-T-LINER HDX2,,000261400005673200000001748,vehicle,2026
121920,25136,NHTSA,26V408000,THOMAS BUILT BUSES SAF-T-LINER HDX2 2026,THOMAS BUILT BUSES,SAF-T-LINER HDX2,,000261400005673200000000289,vehicle,2026
122829,25269,NHTSA,26V410000,NISSAN SENTRA 2025,NISSAN,SENTRA,,000261402005657229000000192,vehicle,2025
2,2,FSIS,PHA-06252026-02,21-oz. vacuum-packed packages of “PRIVATE SELECTION Honey Dijon Boneless Skinless Chicken Breasts with Rib Meat” with “BEST IF USED BY: JUN 28 2026” and lot code “15326A” printed on the packaging.,,,,PHA-06252026-02-Labels.pdf,food,
3,3,FSIS,009-2026,5-lb. plastic tub packages of “Molly’s Kitchen California Style Pasta Salad” with “USE BY JUL/16/26 430” printed on the side of the plastic tub.,,,,Recall-009-2026-Labels.pdf,food,
4,4,FSIS,PHA-06252026-01,8.7-oz. clear plastic wrapped packages of “FRESH SEASONS Kitchen Chicken Caesar Wrap” with “Sell By:6/24/2026” printed on the back label above the ingredients.,,,,PHA-06252026-01-Labels.pdf,food,
9382,10128,CPSC,26582,Treatlife Smoke and Carbon Monoxide (CO) Detectors,,,,,consumer_product,
9383,10129,CPSC,26581,Amana Window-Room-Air-Conditioners (WRAC) and Through the Wall (TTW) air conditioners or heat pumps,,,,,consumer_product,
9384,10130,CPSC,26580,Honlyne LED Party Favors,,,,,consumer_product,
9385,10131,CPSC,26507,Kids Kithmas Plaid Lounge Sets,,,,,consumer_product,
9386,10132,CPSC,26579,Small Fish Montessori Busy Board Toys,,,,,consumer_product,
9387,10133,CPSC,26578,Raychy Children's Light Sneakers Unisex,,,,,consumer_product,
9388,10134,CPSC,26577,MedPride Baby Oil,,,,,consumer_product,
9389,10135,CPSC,26576,Lomi Roll-On Waxing Kits,,,,,consumer_product,
9390,10136,CPSC,26575,"Super Off-Road 12,000 mAh Solar Wireless Power Banks",,,,,consumer_product,
9391,10137,CPSC,26574,XW-A17 Electric Youth All-Terrain Vehicles (ATVs),,,,,consumer_product,
292784,128567,FDA,FDA_ALERT:20260625:49cd1b9e00eb,Canine milk replacer,"Breeder’s Edge, Shelter’s Choice",,,,animal_veterinary,
120430,24925,NHTSA,26V403000,FORD BRONCO 2022,FORD,BRONCO,,000261395005230749000000275,vehicle,2022
120431,24925,NHTSA,26V403000,FORD BRONCO 2023,FORD,BRONCO,,000261395005543796000000275,vehicle,2023
120432,24925,NHTSA,26V403000,FORD BRONCO 2024,FORD,BRONCO,,000261395005595486000000275,vehicle,2024
120433,24925,NHTSA,26V403000,FORD BRONCO 2025,FORD,BRONCO,,000261395005662299000000275,vehicle,2025
120434,24925,NHTSA,26V403000,FORD BRONCO 2026,FORD,BRONCO,,000261395005673889000000275,vehicle,2026
120435,24926,NHTSA,26V402000,FORD EXPEDITION 2018,FORD,EXPEDITION,,000261394004228819000000180,vehicle,2018
120436,24926,NHTSA,26V402000,FORD EXPEDITION 2019,FORD,EXPEDITION,,000261394004229281000000180,vehicle,2019
120437,24926,NHTSA,26V402000,FORD EXPEDITION 2020,FORD,EXPEDITION,,000261394004229504000000180,vehicle,2020
120438,24926,NHTSA,26V402000,FORD EXPEDITION 2021,FORD,EXPEDITION,,000261394004693752000000180,vehicle,2021
120439,24926,NHTSA,26V402000,LINCOLN NAVIGATOR 2018,LINCOLN,NAVIGATOR,,000261394004228828000000180,vehicle,2018
120440,24926,NHTSA,26V402000,LINCOLN NAVIGATOR 2019,LINCOLN,NAVIGATOR,,000261394004229279000000180,vehicle,2019
120441,24926,NHTSA,26V402000,LINCOLN NAVIGATOR 2020,LINCOLN,NAVIGATOR,,000261394004267717000000180,vehicle,2020
120442,24926,NHTSA,26V402000,LINCOLN NAVIGATOR 2021,LINCOLN,NAVIGATOR,,000261394004693754000000180,vehicle,2021
120443,24926,NHTSA,26V402000,FORD EXPLORER 2020,FORD,EXPLORER,,000261394004229440000000180,vehicle,2020
120444,24926,NHTSA,26V402000,FORD EXPLORER 2021,FORD,EXPLORER,,000261394004588731000000180,vehicle,2021
120445,24926,NHTSA,26V402000,LINCOLN AVIATOR 2020,LINCOLN,AVIATOR,,000261394004229441000000180,vehicle,2020
120446,24926,NHTSA,26V402000,LINCOLN AVIATOR 2021,LINCOLN,AVIATOR,,000261394004588733000000180,vehicle,2021
120447,24926,NHTSA,26V402000,FORD F-150 2021,FORD,F-150,,000261394004588732000000180,vehicle,2021
121368,25063,NHTSA,26V401000,AIRSTREAM INTERSTATE 2026,AIRSTREAM,INTERSTATE,,000261393005672793000000200,vehicle,2026
121369,25063,NHTSA,26V401000,AIRSTREAM INTERSTATE 2027,AIRSTREAM,INTERSTATE,,000261393005675764000000330,vehicle,2027
121370,25063,NHTSA,26V401000,AIRSTREAM INTERSTATE 2027,AIRSTREAM,INTERSTATE,,000261393005675764000000200,vehicle,2027
121371,25063,NHTSA,26V401000,AIRSTREAM INTERSTATE 2026,AIRSTREAM,INTERSTATE,,000261393005672793000000330,vehicle,2026
121372,25063,NHTSA,26V401000,AIRSTREAM CLASSIC 2026,AIRSTREAM,CLASSIC,,000261393005675760000000330,vehicle,2026
121373,25063,NHTSA,26V401000,AIRSTREAM CLASSIC 2026,AIRSTREAM,CLASSIC,,000261393005675760000000200,vehicle,2026
121374,25063,NHTSA,26V401000,AIRSTREAM INTERSTATE 2025,AIRSTREAM,INTERSTATE,,000261393005672704000000330,vehicle,2025
121375,25063,NHTSA,26V401000,AIRSTREAM INTERSTATE 2025,AIRSTREAM,INTERSTATE,,000261393005672704000000200,vehicle,2025
121921,25137,NHTSA,26V404000,ELGIN PELICAN 2026,ELGIN,PELICAN,,000261396005675775000001305,vehicle,2026
121922,25137,NHTSA,26V404000,ELGIN PELICAN 2025,ELGIN,PELICAN,,000261396005675774000001305,vehicle,2025
121923,25137,NHTSA,26V404000,ELGIN PELICAN 2024,ELGIN,PELICAN,,000261396005675773000001305,vehicle,2024
122830,25270,NHTSA,26V405000,HARBINGER MOTORS STRIPPED CHASSIS 2025,HARBINGER MOTORS,STRIPPED CHASSIS,,000261397005675771000000001,vehicle,2025
120448,24927,NHTSA,26E037000,ROCKFORD FOSGATE AMPLIFIER KIT (24WRNGLR-FOX) 9999,ROCKFORD FOSGATE,AMPLIFIER KIT (24WRNGLR-FOX),,000261389005675766000000211,vehicle,
120449,24927,NHTSA,26E037000,ROCKFORD FOSGATE AMPLIFIER KIT (20GLADR-STG5) 9999,ROCKFORD FOSGATE,AMPLIFIER KIT (20GLADR-STG5),,000261389005675767000000211,vehicle,
120450,24927,NHTSA,26E037000,ROCKFORD FOSGATE AMPLIFIER KIT (24WRNGLER-STG3) 9999,ROCKFORD FOSGATE,AMPLIFIER KIT (24WRNGLER-STG3),,000261389005675768000000211,vehicle,
120451,24927,NHTSA,26E037000,ROCKFORD FOSGATE AMPLIFIER KIT (18WRNGLER-STG5) 9999,ROCKFORD FOSGATE,AMPLIFIER KIT (18WRNGLER-STG5),,000261389005675769000000211,vehicle,
121418,25070,NHTSA,26E038000,RICON S-SERIES WHEELCHAIR LIFT 9999,RICON,S-SERIES WHEELCHAIR LIFT,,000261391003427717000002103,vehicle,
121419,25070,NHTSA,26E038000,RICON K-SERIES WHEELCHAIR LIFT 9999,RICON,K-SERIES WHEELCHAIR LIFT,,000261391003427718000002103,vehicle,
122813,25265,NHTSA,26V399000,GMC SAVANA 2026,GMC,SAVANA,,000261388005672013000000001,vehicle,2026
122814,25265,NHTSA,26V399000,GMC SAVANA 2025,GMC,SAVANA,,000261388005669696000000001,vehicle,2025
122815,25265,NHTSA,26V399000,CHEVROLET EXPRESS 2025,CHEVROLET,EXPRESS,,000261388005669698000000001,vehicle,2025
122816,25265,NHTSA,26V399000,CHEVROLET EXPRESS 2026,CHEVROLET,EXPRESS,,000261388005672050000000001,vehicle,2026
251394,87177,FDA,D-0617-2026,"DULOXETINE D/R, a) 30 mg (NDC 61919-482-30), 30 Caps; b) 30 mg (NDC 61919-482-60), 60 Caps; CYMBALTA, Packaged and Distributed by Direct Rx.",,,,"Lot: a) 09JA2530, 31JA2507, expires: 04/30/2027; b) Lot: 09DE2412, 09JA2528, 29JA2511, expires: 04/30/2027.",drug,
5,5,FSIS,008-2026,13.3-oz. vacuum sealed plastic tray packages containing “POWER PLATE MEALS MEATLOAF WITH GARLIC MASHED POTATOES” and “USE BY” dates between 6/25/26 and 6/10/27.,,,,Recall-008-2026-Labels.pdf,food,
9392,10138,CPSC,26565,Arizer Solo III portable electronic vaporizers (Intergalactic/Black color only),,,628078802274,,consumer_product,
9393,10139,CPSC,26561,BABESIDE Doll and Stroller Toys,,,,,consumer_product,
9394,10140,CPSC,26566,"Pyro Diablo ""Diablo Rising"" 9 Shots",,,,,consumer_product,
9395,10141,CPSC,26562,GOPO TOYS Pull String Teething Toys,,,,,consumer_product,
9396,10142,CPSC,26568,Joolz Aer2 Car Seat Adapters for Joolz Aer 2 Stroller,,,,,consumer_product,
9397,10143,CPSC,26569,CooCooBaby Baby Loungers,,,,,consumer_product,
9398,10144,CPSC,26567,Michley Children's Pajamas,,,,,consumer_product,
9399,10145,CPSC,26563,Arrogantf Spa Drain Covers,,,,,consumer_product,
9400,10146,CPSC,26564,Veseacky Pajama Sets,,,,,consumer_product,
251475,87258,FDA,D-0628-2026,"Perampanel CIII Tablets, 6mg, Rx only, 30 Tablets, Mfd.by: Taro Pharmaceutical Industries Ltd., Haifa Bay, Israel 2624761, Dist. by: Sun Pharmaceutical Industries, Inc., Cranbury, NJ 08512, NDC 51672-4206-6",,,,"Lot AE01763, Expires 9/30/2027.",drug,
251445,87228,FDA,D-0609-2026,"Carton Label: MAJOR, Methylergonovine Maleate Tablets, USP, 0.2 mg, 20 TABLETS (2 x 10), Rx only, Packaged and Distributed by: MAJOR PHARMACEUTICALS, Indianapolis, in 46268, NDC 0904-7282-10.  Blister Label: Methylergonovine Maleate Tablets, 0.2 mg, USP, One Tablet, Major Pharm/Indianapolis, IN 46268, NDC 0904-7282-10.",,,,"Lots: N02327, expires: 09/2026; N02740, expires: 12/2026; N03069, expires: 08/2027.",drug,
251520,87303,FDA,D-0596-2026,"Buprenorphine HCl, CIII, Injection, 0.3 mg/mL, 5 x 1 mL Single Dose Vials per Carton, Rx Only, For Intramuscular or Intravenous use, Manufactured for: Endo USA, Malvern, PA 19355,  NDC 42023-179-05",,,,"Lot #:  82886, exp 09/30/2026; 89646, exp 05/31/2027",drug,
9407,10153,CPSC,26537,Kitchen HQ Thermal Insulated Bowls with Detachable Hinged Lids,,,,,consumer_product,
9408,10154,CPSC,26536,Sloosh Dive Sticks,,,812355036227,,consumer_product,
233384,69166,FDA,H-0950-2026,"Al Yaman Halawa Extra Pistachio 907g (31.994 oz) plastic jars, UPC 5 287000 098083, 12 retail units per case",,,,LOT 13286,food,
292782,128565,FDA,FDA_ALERT:20260608:f21efdf34277,Freeze Dried Chicken Recipe Cat and Dog Food,Steve’s Real Food,,,,animal_veterinary,
251318,87101,FDA,D-0610-2026,"Chlorthalidone Tablets, USP, 25 mg, [100 or 1000] Tablets pr bottle, Rx only, Manufactured by: Inventia Healthcare Limited, Additional Ambernath, M.I.D.C., Ambernath (East) - 421506, INDIA.  Distributed by: Risiong Pharma Holdings, Inc., East Brunswick, NJ 08816.  NDC 100-tablet bottle: 64980-599-01; NDC 1000-tablet bottle: 64980-599-10",,,,[100 tablet bottle] Batch RISA24001; [1000 tablet bottle]  Batch RISB24002; Exp. 04/2027,drug,
290941,126724,FDA,Z-2579-2026,"Philips Telemetry Monitor 5500 1.4 GHz. Model Number: 867232. Includes the following system descriptions: TELE Monitor 5500, 1.4 Ghz, ECG only, ex; Telemetry Monitor 5500 1.4 GHz FAST EX.",,,,"Model Number: 867232. UDI-DI: (01)00884838102842. Software Version Number: 4.0.0.0. Serial Numbers: US001A002F, US001A00AW, US001A00C9, US001A00EW, US001A00F0, US001A00GM, US001A00N4, US001A00PB, US001A00PZ, US001A00R1, US001A00UE, US001A00VU, US001A00Z4, US001A013T, US001A018A, US001A018R.",device,
292781,128564,FDA,FDA_ALERT:20260605:caf4afced7fb,"Up & Up Fragrance Free Baby Wipes – 20, 72, 216, 800, and 1200 count, Up & Up Fresh Cucumber Scented Baby Wipes – 72, 216, and 800 count",Up & Up,,,,cosmetic,
251213,86996,FDA,D-0626-2026,"Lacosamide Tablets, USP, C V, 100mg, Rx only, 60-count bottle, By: Annora Pharma Pvt., Ltd, Sangareddy -502313, Telangana, India, Manufactured for: Camber Pharmaceuticals, Inc., Piscataway, NJ 08854, NDC 31722-813-60.",,,,"Lot: A253999, A254000, Expires: 09/30/2027.",drug,
251227,87010,FDA,D-0595-2026,"Gas-X Extra Strength, SIMETHICONE 125 mg/ANTIGAS, packaged in a) 120 SoftGels (UPC 3 00674 35041 9, b) 72 SoftGels (UPC 3 00439 00572 1), Distributed by: Haleon, Warren, NJ 07059.",,,,"Lots: a) TL8K, YH9X, YH9Y, Exp. Date. 30Nov2028; b) X78N, Exp. Date 30Nov2028.",drug,
251254,87037,FDA,D-0615-2026,"Corlanor (ivabradine) tablets, 7.5mg, 60-count bottles, Rx Only, Amgen Inc., Thousand Oaks, CA 92130 Made In Italy. NDC 55513-810-60",,,,"Lot #: 1138203, 1142065, Exp. Date 07/31/2026; 1145151, 1145152, 1145153, Exp. Date 2/28/2027; 1148908, 1148909, Exp. Date 05/31/2027; 1162845, 1162846, Exp. Date 11/30/2027; 1166471, 1166472, 1166473, Exp. Date 05/31/2028; 1170615, Exp. Date 08/31/2028",drug,
251269,87052,FDA,D-0612-2026,"Corlanor (ivabradine) tablets, 5 mg, packaged in a) 14 tablets bottles (NDC 55513-800-99), and b) 60 tablet bottles (NDC 55513-800-60), Rx Only, Amgen Inc., Thousand Oaks, CA 92130 Made In Italy.",,,,"a) Lot # 1138901, Exp. Date 08/31/2026; 1149846, Exp. Date 04/30/2027 b) Lot #1138201, 1138202,  08/31/2026, 1138900, 1141143, Exp. Date 08/31/2026; 1140280, 1140281, 1142063, Exp. Date 10/31/2026; 1142062, 1142942, 1142943, Exp. Date 11/30/2026; 1144081, 1144104, Exp. Date 12/31/2026; 1146373, 1146374, Exp. Date 01/31/2027; 1147491, 1147492, 1149843, Exp. Date 03/31/2027; 1151113, 1151890, 1153401, Exp. Date 07/31/2027; 1151114, 1151115, Exp. Date 09/30/2027; 1152412, 1153399, 1153400, Exp. Date 06/30/2027; 1155834, 1155835, Exp. Date 04/30/2027; 1155836, Exp. Date 09/30/2027; 1158480, 1158481, 1158482, Exp. Date 10/31/2027; 1160354, 1160355, Exp. Date 03/31/2028; 1161593, 1161594, 1161595, Exp. Date 04/30/2028; 1164097, 1164098, 1164099, Exp. Date 06/30/2028; 1165078, 1165079, Exp Date 07/31/2028; 1165080, Exp. Date 02/29/2028;1168005, 1168006, 1168007, Exp. Date 09/30/2028; 1169288, 1169289, Exp. Date 10/31/2028; 1172885, Exp. Date 12/31/2028.",drug,
251328,87111,FDA,D-0614-2026,"Sensipar (cinacalcet) Tablets, 60mg, 30-count bottles, Rx Only, Distributed by: Amge, One Amgen Center Drive, Thousand Oaks ,CA 91320-1799, Made in Japan. NDC 55513-074-30",,,,"Lot #: 1157055, Exp. Date 1/31/2028",drug,
251330,87113,FDA,D-0627-2026,"Povi-One, 10% Povidone-Iodine Oral Antiseptic, Packaged by Elevate Oral Care, LLC, 346 Pike Road, Suite 6, West Palm Beach, FL 33411, NDC 57511-0611-1.",,,,"Lots PO062402, Exp Date 6/30/2026, PO072401, Exp Date 7/30/2026, PO092401,    Exp Date 9/30/2026, PO102401,    Exp Date 10/31/2026 & PO102402, Exp Date 10/31/2026.",drug,
251364,87147,FDA,D-0583-2026,"Duloxetine Delayed-Release Capsules, USP, 60mg, packaged in a) 90 Capsules (NDC 51991-748-90); b) 1000 Capsules (51991-748-10), Rx Only, Mfr. by: Towa Pharmaceutical Europe, S.L. Martorelles, (Barcelona), Spain, Dist. by: Breckenridge Pharmaceuticals, Inc., Berkeley Heights, NJ 07922.",,,,"Lot: a) 241074C, Exp. Date May 2027; 240317, 240318, 240315C, 240373C, 240370C, 240375C, 240413C, Exp. Date February 2027; 240316,Exp. Date January 2027; 232311, Exp. Date November 2026; b) 240978C, 241052C, Exp. Date April 2027.",drug,
251476,87259,FDA,D-0582-2026,"Duloxetine Delayed-Release Capsules, USP, 30mg, 1000 Capsule bottles, Rx only, Manufactured. by: Towa Pharmaceutical Europe, S.L. Martorelles, (Barcelona), Spain, Distributed by: Breckenridge Pharmaceuticals, Inc., Berkeley Heights, NJ 07922. NDC 51991-747-10",,,,"Lot: 241180C, Exp. Date April 2027.",drug,
251495,87278,FDA,D-0616-2026,"Sensipar (cinacalcet) Tablets, 90mg, 30-count bottles, Rx Only, Distributed by: Amge, One Amgen Center Drive, Thousand Oaks, CA 91320-1799, Made in Japan. NDC 55513-075-30",,,,"Lot #: 1157056, Exp. Date 02/29/2028",drug,
251518,87301,FDA,D-0613-2026,"Sensipar (cinacalcet) Tablets, 30mg, 30-count bottles, Rx Only, Distributed by: Amge, One Amgen Center Drive, Thousand Oaks ,CA 91320-1799, Made in Japan. NDC 55513-073-30",,,,"Lot#: 1156858, Exp. Date 12/31/2027.",drug,
233401,69183,FDA,H-0938-2026,"MMB of Louisiana Pasteurized Donor Human Milk, Volume: 3 oz, Cal/Oz: 19, 0.9 g/dL Protein, packaged in a clear plastic bottle with white plastic cap",,,,"Batch: 002307-1, 002307-2 EXP: 08/24/2026",food,
251481,87264,FDA,D-0585-2026,"Primidone Tablets, USP, 50 mg, 100 Tablets per Bottle, Rx only, Manufactured by: Amneal Pharmaceuticals Pvt. Ltd., Oral Solid Dosage Unit, Ahmedabad 382213, INDIA.  Distributed by: Amneal Pharmaceuticals LLC, Bridgewater, NJ 08807.  NDC: 53746-544-01",,,,"Lot AM251676, EXP 11/31/2028",drug,
251229,87012,FDA,D-0640-2026,"Med Pride, HYDROCORTISONE CREAM 1%, Net Wt. 1 oz (28.3g) tubes, Manufactured for: Shield Line LLC, 59 Hook Road, Bayonne, NJ 07002 USA, Made in India, UPC 3 52410 30503 0.",,,,"Lot# 001, 002, 013, 016, 031, 032, 033, 045, 046, 047, Within Expiry.",drug,
251259,87042,FDA,D-0633-2026,"Rapidol, Triple Antibiotic First Aid Ointment, Bacitracin Zinc 400 units, Neomycin Sulfate 3.5 mg, Polymyxin-B Sulfate 5,000 units, net wt. 2oz (57g) tubes, Distributed by/por: Pharmadel LLC, New Castle, DE 19720, Made in India, UPC 8 10096 77162 9.",,,,"Lot# 0004, within expiry",drug,
251265,87048,FDA,D-0641-2026,"Med Pride, Triple Antibiotic Ointment, Bacitracin Zinc (equivalent to 400 units), Neomycin Sulfate 5 mg, Polymixin B 5000 units, 0.9g packets, 144 packets per box, 130g, Manufactured for: Shield Line LLC, 59 Hook Road, Bayonne, NJ 07002 USA, Made in India, UPC 1 03 52410 30253 1.",,,,"Lot# 011, 014, 015, 016, 017, 018, 019, 020, 021, 022, 026, Within Expiry.",drug,
251272,87055,FDA,D-0630-2026,"Lucky Super Soft, First Aid Triple Antibiotic Ointment, Bacitracin zinc 400 units, neomycin sulphate 3.5 mg, polymyxin B sulphate 5000 units, Net Wt. 0.5 oz (14g) tubes, Manufactured for Delta Brands Inc., 580 White Plains Rd., Tarrytown, NY 10591 USA, Made in India, UPC 8 08829 10372 4.",,,,"Lot# 0002, Lot# 0003, within expiry",drug,
251278,87061,FDA,D-0637-2026,"Med Pride, Bacitracin Zinc Ointment, 1oz (28.3g) per tube, 72 tubes per case, Manufactured for: Shield Line LLC, 59 Hook Road, Bayonne, NJ 07002 USA, Made in India, UPC X004WB4LKT.",,,,"Lot# 022, 023 ,024, Within Expiry.",drug,
251336,87119,FDA,D-0629-2026,"Lucky Super Soft, Antifungal Athlete's Foot Cream, Clotrimazole 1% Cream, Net Wt. 1.5 oz (42.5g) Tubes, Manufactured for Delta Brands Inc., 580 White Plains Rd., Tarrytown, NY 10591 USA, Made in India, UPC 8 08829 10461 5.",,,,"Lot# 0001, 0002, within expiry",drug,
251340,87123,FDA,D-0639-2026,"Med Pride, HYDROCORTISONE CREAM 1%, Net Wt. 16oz (454g) tubes, Manufactured for: Shield Line LLC, 59 Hook Road, Bayonne, NJ 07002 USA, Made in India, UPC 3 52410 305061.",,,,"Lot# 003, 004, 005, 006, 007, 008, 009, 010, 011, 012, 014, 015, 017, 018, 019, 020, 021, 022, 023, 024, 025, 026, 027, 028, 029, 030, 034, 035, 036, 037, 038, 039, 041, 042, 043, 044, 048, 049, 050, 051, 052, 053, 054, 055, 056, 057, 058, 059, 060, 061, 062, 063, 064, Within Expiry.",drug,
251366,87149,FDA,D-0636-2026,"Med Pride, Bacitracin Zinc Ointment, 500 units, 1oz (28.3g) tubes, Manufactured for: Shield Line LLC, 59 Hook Road, Bayonne, NJ 07002 USA, Made in India, UPC 3 52410 30354 8.",,,,"Lot# 001, 002, 003, 004, 005, 006, 010, 011, 012, 013, 014, 016, 017, 018, 019, 020, Within Expiry.",drug,
251423,87206,FDA,D-0618-2026,"Total Parental Nutrition - Pediatric PN Patient-Specific TPN Bag, (patient specific), Rx# 24-1269856-0-1Compound Volume 1295 mL per bag, Rx only, Single Dose Injection, Refrigerated Injection, Central Admixture Pharmacy Services, Boston, 55 6th Rd Woburn, Massachusetts 01801-1767.",,,,24-1269856-0-1,drug,
251443,87226,FDA,D-0632-2026,"Lil Drug Store, Triple Antibiotic Ointment, Bacitracin Zinc (400 units), Neomycin Sulfate (3.5 mg), Polymyxin-B Sulfate (5000 units), net wt. 0.5 oz (14.2g), Product distributed by: Lil' Drug Store Products, Inc., 9300 Earhart Lane SW, Cedar Rapids, IA 52404, Made in India, UPC 3 66715 97310 8.",,,,"Lot# 0005, within expiry",drug,
251452,87235,FDA,D-0638-2026,"Med Pride, 1% Clotrimazole Antifungal Cream, Net Wt. 1oz (28.3g), Manufactured for: Shield Line LLC, 59 Hook Road, Bayonne, NJ 07002 USA, Made in India, UPC 3 524103 0244 2.",,,,"Lot# 001, 002, 003, 004, 005, 006, 007, 008, 009, 010, 011, 012, 013, Within Expiry.",drug,
251468,87251,FDA,D-0642-2026,"Med Pride, Triple Antibiotic Ointment, Bacitracin Zinc 400 units, Neomycin Sulfate 5 mg, Polymyxin B 5000 units, 1oz (28.3g) tubes, Manufactured for: Shield Line LLC, 59 Hook Road, Bayonne, NJ 07002 USA, Made in India, UPC 3 52410 30255 8.",,,,"Lot# 001, 002, 003, 004, 005, 006, 007, 008, 009, 010, 012, 013, 023, 024, 025, 027, 028, 029, 031, 032, 033, 034, 035, Within Expiry.",drug,
251474,87257,FDA,D-0619-2026,"hydrOXYzine Hydrochloride Oral Solution, USP, 10 mg/5 mL, 473 mL (1 Pint), Rx only, Distributed by: ANI Pharmaceuticals, Inc., Baudette, MN 56623.  NDC: 70954-912-10",,,,Lot S25133A,drug,
251508,87291,FDA,D-0631-2026,"Circle K, triple antibiotic ointment, Bacitracin Zinc (400 units), Neomycin Sulfate (3.5 mg), Polymyxin-B Sulfate (5000 units), net wt. 0.5 oz (14.2g) tubes, Product manufactured for Lil' Drug Store Products, Inc., 9300 Earhart Lane SW, Cedar Rapids, IA 52404, Made in India, UPC 1 94283 65181 0.",,,,"Lot# 0001, and Lot# 0005, within expiry",drug,
251531,87314,FDA,D-0634-2026,"Cura Hongos, Crema Antifungica, Clotrimazole 1%, 2oz (57g) tubes, Dist by/por: Pharmadel LLC, New Castle, DE 19720, Made in India, UPC 8 52924 00683 1.",,,,"Lot# 0003, within expiry",drug,
251533,87316,FDA,D-0635-2026,"Med Pride, Bacitracin Zinc Ointment, 500 units, 0.9g packets Net Wt 130g, 144 count box, Manufactured for: Shield Line LLC, 59 Hook Road, Bayonne, NJ 07002 USA, Made in India, UPC 3 52410 30352 4.",,,,"Lot# 007, 008, 009, 015, 016, Within Expiry.",drug,
6,6,FSIS,007-2026,"13.23-oz. plastic bag packages containing “Synear SUPREME SOUP DUMPLING PORK &amp; CRAB” and “BEST BY” dates 15 OCT 2026, 10 NOV 2026, 23 DEC 2026, 26 JAN 2027, or 23 FEB 2027.; 375-g. plastic bag packages containing “Synear SUPREME SOUP DUMPLING DUMPLINGS À LA SOUPE SUPRÊME PORK &amp; CRAB PORC ET CRABE” with “Product of USA/Produit des E.-U” and best by dates 2026 OC 15 or 2027 JA 26.",,,,Recall-007-2026-Labels.pdf,food,
7,7,FSIS,PHA-05242026-01,FSIS Issues Public Health Alert for Beef Kofta Products Served at The Kebab Shop Restaurant Locations Due to Possible E. Coli O157:H7 Contamination,,,,,food,
8,8,FSIS,PHA-05092026-01,"Various weight packages packed or sliced in retail delis, containing “DAISY BRAND Meat Products HEADCHEESE,” with a “USE BY” date of “MAR 26 2026.”; Various weight packages packed or sliced in retail delis, containing “DAISY BRAND Meat Products HEADCHEESE,” with a red sticker indicating “HOT” and a “USE BY” date of “MAR 26 2026.”",,,,pha-05092026-01-labels.pdf,food,
9,9,FSIS,PHA-05042026-01,•	32-oz. plastic bag packages containing “Giovanni Rana RANA Rustic Beef Sauce &amp; Creamy Burrata Cheese Ravioli” with “use by” dates ranging 05/14/2026 – 06/25/2026,,,,pha-05042026-01-labels,food,
10,10,FSIS,PHA-04302026-01,FSIS Issues Public Health Alert for Various Meat and Poultry Products Containing FDA-Regulated Dairy Products That Have Been Recalled Due to Possible Salmonella Contamination,,,,PHA-04302026-01-Labels.pdf,food,
292725,128508,USCG,26MF0182,"BERTRAM YACHTS LLC 28, 34, 39-CCS, 28XC",BERTRAM YACHTS LLC,"28, 34, 39-CCS, 28XC",,BYM,boat,
292727,128510,USCG,26CG0007,CAROLINA SKIFF LLC E18 JVX 18CC,CAROLINA SKIFF LLC,E18 JVX 18CC,,EKH,boat,
11,11,FSIS,PHA-04092026-01,•	1.5-lb. clear plastic containers with safety lids containing “QUALITY MEAT SKY RANCH PREMIUM PROVISIONS MARINATED BEEF RIBEYE ROLL /BULGOGI” with “SELL BY” dates of “DEC.11.25” through “APR.16.26”.; •	1.5-lb. clear plastic containers with safety lids containing “QUALITY MEAT SKY RANCH PREMIUM PROVISIONS MARINATED PORK TENDERIZED CT BUTT” with “SELL BY” dates of “DEC.11.25” through “APR.16.26”.; •	1.5-lb. clear plastic containers with safety lids containing “QUALITY MEAT SKY RANCH PREMIUM PROVISIONS MARINATED BEEF SLICED SHORT RIBS /LA STYLE” with “SELL BY” dates of “DEC.11.25” through “APR.16.26”.; •	1.5-lb. clear plastic containers with safety lids containing “QUALITY MEAT SKY RANCH PREMIUM PROVISIONS MRN PORK SINGLE BELLY CHOP / JUMULLEOK” with “SELL BY” dates of “DEC.11.25” through “APR.16.26”.,,,,PHA-04092026-01-labels,food,
12,12,FSIS,PHA-04012026-01,"29-oz. plastic bags containing approx. 36 “GREAT VALUE FULLY COOKED DINO SHAPED CHICKEN BREAST NUGGETS” with “BEST IF USED BY” date “FEB 10 2027,” lot code” 0416DPO1215,” and establishment number “P44164” printed on the back of the bag.",,,,PHA-04012026-01.pdf,food,
290966,126749,USCG,26MF0172,BRUNSWICK FAMILY BOAT CO INC D20,BRUNSWICK FAMILY BOAT CO INC,D20,,BLB,boat,
290967,126750,USCG,26MF0173,BRUNSWICK FAMILY BOAT CO INC D20I & D22I,BRUNSWICK FAMILY BOAT CO INC,D20I & D22I,,BLB,boat,
41,41,FSIS,PHA-03252026-01,"5-lb. box of 8-oz. packages containing a VACUUM-PACKED piece of &quot;BLACKWING ORGANIC MEATS ORGANIC BEEF NEW YORK STRIP STEAK,&quot; with &quot;EST. 1996&quot; inside the USDA mark of inspection.; 10-lb. box of 16-oz. packages containing a VACUUM-PACKED package of &quot;BLACKWING ORGANIC MEATS ORGANIC GROUND BEEF.&quot;; 5-lb. box of 8-oz. packages containing a VACUUM-PACKED package of &quot;BLACKWING ORGANIC MEATS GRASS FED ORGANIC BEEF STEW MEAT,&quot; with &quot;EST. 1996&quot; inside the USDA mark of inspection.; 5-lb. box of 8-oz. packages containing a VACUUM-PACKED piece of &quot;BLACKWING ORGANIC MEATS ORGANIC BEEF STEAK STRIPS,&quot; with &quot;EST. 1996&quot; inside the USDA mark of inspection.; 1-lb. VACUUM-PACKED package of &quot;BLACKWING MEATS BLACKWING BEEF GROUND FROM ORGANIC BEEF,&quot; without USDA mark of inspection.; 12-oz. VACUUM-PACKED package of &quot;BLACKWING MEATS PORK GROUND MADE FROM ORGANIC PORK,&quot; without USDA mark of inspection.; 12-oz. VACUUM-PACKED package of &quot;BLACKWING MEATS Boneless Center Cut Pork Chops 2-6oz Made from Organic Pork,&quot; without the USDA mark of inspection.",,,,PHA-03252026-01-Labels.pdf,food,
14,14,FSIS,PHA-03232026-01,"16oz (1 lb.) PLASTIC, VACUUM-PACKED, packages containing &quot;WHITE OAK PASTURES, RADICALLY TRADITIONAL FARMING, GRASSFED GROUND BEEF&quot;.",,,,PHA-03232026-01-Labels.pdf,food,
13,13,FSIS,PHA-03132026-01,25.4-oz. boxes containing eight pieces of “LA BOULANGERIE TURKEY PESTO &amp; SWISS CHEESE POCKETS” with lot code 04926 and “best by” date 02/18/27 printed on the packaging.,,,,PHA_03132026-Food_Labels.pdf,food,
15,15,FSIS,005-2026-EXP,"Ajinomoto Foods North America, Inc. Expands Recall for Chicken and Pork Fried Rice, Ramen, and Shu Mai Products Due to Possible Foreign Matter Contamination",,,,Recall-005-2026-EXP-Labels.pdf,food,
290965,126748,USCG,26MF0158,VOLVO GROUP / VOLVO PENTA VOLVO PENTA AUTOPILO,VOLVO GROUP / VOLVO PENTA,VOLVO PENTA AUTOPILO,,123,boat,
16,16,FSIS,PHA-03012026-01,"6-oz. plastic packages containing &quot;DRIED HAWAIIAN STYLE BEEF CRISPS, ORIGINAL SALT &amp;amp; PEPPER FLAVOR&quot;, and bearing establishment number &quot;EST. 2625&quot; inside the USDA mark of inspection.; 4-oz. plastic packages containing &quot;PUNAHELE JERKY COMPANY INC UNCLE K&#039;S BEEF CRISPS&quot;.; 4-oz. plastic packages containing &quot;PUNAHELE JERKY COMPANY INC KILAUEA FIRE SPICY BEEF CRISPS&quot;.",,,,PHA-03012026-01-Labels.pdf,food,
17,17,FSIS,006-2026,• 32-oz. printed poly film bag packages of fully cooked frozen “Bremer FAMILY SIZE ITALIAN STYLE MEATBALLS” containing “about 64 meatballs per package” with “BEST BY” date of “10/30/26” with timestamps between 17:08 through 18:20 printed on the back of t,,,,Recall-006-2026-Food_Labels.pdf,food,
18,18,FSIS,005-2026,"1.53-kg. cardboard packages containing 6 bags of frozen “AJINOMOTO YAKITORI CHICKEN WITH JAPANESE-STYLE FRIED RICE” with BEST BEFORE/MEILLEUR AVANT dates 26 SE 09 through 26 NO 12.; 20-oz. (1 lb. 4 oz.) plastic bag packages containing frozen “TRADER JOE’S Chicken Fried Rice with stir fried rice, vegetables, seasoned dark chicken meat and eggs” with BEST BY dates 9/8/2026 through 11/17/2026.",,,,Recall-005-2026_Food_Labels.pdf,food,
19,19,FSIS,004-2026,"• 36-lb. cardboard cases containing individually, vacuum-packed and frozen  packages of “Shera BROADHEAD CLARIAS FISH WHOLE/GUTTED” weighing 10-18 oz/pc (300 – 500gr) each.; • 36-lb. cardboard cases containing individually, vacuum-packed and frozen  packages of “Shera BROADHEAD CLARIAS FISH STEAKS” weighing 1.8-lbs/package",,,,Recall-004-2026_Food_Labels.pdf,food,
20,20,FSIS,003-2026,"•	Cardboard cases containing eight 10-lb. chubs of “BEEF, COARSE GROUND, 73 L” with case code 18601, “Use/Freeze By: 02/04/26” and time stamps between 07:03 and 08:32 printed on two stickers placed on the outside of the case. The date and time stamps are; •	Cardboard cases containing four 10-lb. chubs of “FIRE RIVER FARMS CLASSIC BEEF FINE GROUND 73L” with case code 19583, “Use/Freeze By: 02/04/26” and time stamps between 07:03 and 08:32 printed on two stickers placed on the outside of the case. The date a; •	Cardboard cases containing four 10-lb. chubs of “FIRE RIVER FARMS CLASSIC BEEF FINE GROUND 81L” with case code 19563, “Use/Freeze By: 02/04/26” and time stamps between 07:03 and 08:32 printed on two stickers placed on the outside of the case. The date a",,,,Recall-003-2026-Labels.pdf,food,
21,21,FSIS,002-2026,"Variable weight cardboard boxes bearing a Canadian mark of inspection with an export mark indicating “Cert. No. Cert 336662” and containing “FROZEN PORK LOIN,BONELESS, CENTER 520MM” in plastic liners.",,,,Recall-002-2026-Labels.pdf,food,
22,22,FSIS,001-2026,"•	10-lb. cases containing two 5 lb. bags of fully cooked grilled chicken breast fillets with rib meat, with lot code 60104 P1382 287 5 J14 on the side of the case and on the package.",,,,Recall-001-2026-Label.pdf,food,
24,24,FSIS,042-2025,• 16-oz. (1-lb.) vacuum-sealed packages containing “FORWARD FARMS GRASS-FED GROUND BEEF” with “USE OF FREEZE BY 01/13/26 EST 2083” printed on the side of the packaging.,,,,Recall-042-2025-Labels_0.pdf,food,
23,23,FSIS,041-2025,"•	16-oz. vacuum-sealed plastic packages containing one, fully cooked “OLYMPIA PROVISIONS UNCURED HOLIDAY KIELBASA” with “BEST IF USED BY” date “02/19/26” printed on the side of the label.",,,,Recall-041-2025-Labels,food,
25,25,FSIS,040-2025,•	19.8-lb. cardboard boxes containing “Lorraine Quiche (with pork) La Madeleine” in metal trays wrapped in plastic.,,,,Recall-040-2025-Labels,food,
26,26,FSIS,039-2025,"10.9-lb. plastic-lined boxes containing 50 frozen tamales and labeled as “La Guadalupana MILD PORK TAMALES Wrapped in Corn Husks,” with pack date “10/07/25” and best buy date “10/08/26” represented on the label.",,,,Recall-039-2025-Labels.pdf,food,
27,27,FSIS,038-2025,"18-lb. cases containing four units of “FULLY COOKED BREADED CHICKEN PORTIONS,” with case code “P-1380 126237 B30851 23:11 K04” printed on the side of the packaging.",,,,Recall-038A-2025-Labels,food,
28,28,FSIS,037-2025,15-lb. plastic-lined boxes containing “GHANAIANWAY AFRICAN FOODS SALTED LAMB (KOOBI).”,,,,Recall-037-2025-Labels.pdf,food,
29,29,FSIS,036-2025,•	17.63-oz. plastic bag packages containing 5 “SAINT COXINHA XL CHICKEN CROQUETTES” with “best by” dates ranging “11/04/2025” to “04/19/2026” printed on the back of the packaging.; •	15.8-oz. plastic bag packages containing 15 “SAINT COXINHA CHICKEN CROQUETTES” with “best by” dates ranging “11/04/2025” to “04/19/2026” printed on the back of the packaging.; •	13.7-oz. plastic bag packages containing 13 “SAINT COXINHA GROUND BEEF CROQUETTE RISOLE DE CARNE” with “best by” date “02/02/2026” printed on the back of the packaging.,,,,Recall_036-2025_Labels,food,
292723,128506,USCG,25MF0572,"FLOE INTERNATIONAL INC Z2272, Z2373, Z2474",FLOE INTERNATIONAL INC,"Z2272, Z2373, Z2474",,FLO,boat,
30,30,FSIS,035-2025,5.5-oz. paper wrapped “Deli EXPRESS BBQ PULLED PORK on a sesame bun” sandwiches.,,,,Recall-035-2025-Labels.pdf,food,
31,31,FSIS,034-2025,"•	13.9-lb. cases containing “Hormel FIRE BRAISED MEATS ALL NATURAL BONELESS CHICKEN THIGH MEAT,” with item code “65009” printed on the label.; •	13.8-lb. cases containing 3-oz.“Hormel FIRE BRAISED MEATS ALL NATURAL BONELESS CHICKEN BREAST,” with item code “77531” printed on the label.; •	13.8-lb. cases containing 4-oz.“Hormel FIRE BRAISED MEATS ALL NATURAL BONELESS CHICKEN BREAST,” with item code “46750” printed on the label.; •	23.8-lb. cases containing 5-oz.“Hormel FIRE BRAISED MEATS ALL NATURAL BONELESS CHICKEN BREAST,” with item code “86206” printed on the label.; •	13.95-lb. cases containing “BONELESS CHICKEN BREAST WITH RIB MEAT,” with item code “134394” printed on the label.",,,,Recall-034-2025-Food-Label,food,
32,32,FSIS,033-2025,"LSI, Inc. Recalls BBQ Pork Jerky Product  Due To Possible Foreign Matter Contamination",,,,Recall-033-2025-Food-Label,food,
33,33,FSIS,032-2025,"M.C.I. Foods, Inc. Recalls Ready-To-Eat Breakfast Burrito and Wrap Products Due to Possible Listeria Contamination",,,,Recall-032-2025-Food-Labels.pdf,food,
34,34,FSIS,PHA-10072025-01,Sold by Blue Apron: 13.05-oz. plastic tray packages labeled &quot;DISH by Blue Apron Cheesy Chicken Mac with Vegetables&quot; with lot codes 25240 and 25247. The product bears establishment number &quot;P-3081.&quot;; Sold by Marley Spoon: 10.5-oz. packages labeled “BALANCE by Marley Spoon BBQ Sauce Beef Meatballs with Cheesy Cauliflower” with lot code 25255.  The product bears establishment number “Est. 47718.”,,,,PHA-10072025-01-Food-Labels.pdf,food,
35,35,FSIS,PHA-10062025-01,"•	10.1-oz. containers of “HELLO FRESH READY MADE MEALS CHEESY PULLED PORK PEPPER PASTA” with establishment number “Est. 47718” and lot code 49107 or establishment number “Est. 2937” and lot codes 48158 or 48840. This item was shipped directly to consumers; •	10-oz. containers of “HELLO FRESH READY MADE MEALS UNSTUFFED PEPPERS WITH GROUND TURKEY” with establishment number “P-47718” and lot codes 49569, 50069, 50073, or 50698. This item was shipped directly to consumers by HelloFresh.",,,,PHA-10072025-01-Food-Labels.pdf,food,
36,36,FSIS,031-2025,"Foster Poultry Farms, LLC Recalls Chicken Corn Dog and Ground Turkey on a Stick Products Due To Possible Extraneous Matter Contamination",,,,Recall_031-2025-Food_Labels.pdf,food,
37,37,FSIS,030-2025,The Hillshire Brands Company Recalls Corn Dog and Sausage On A Stick Products Due To Possible Extraneous Matter Contamination,,,,recall-030-2025-labels.pdf,food,
38,38,FSIS,PHA-09252025-01,"12-oz. clear plastic tray packages labeled “MARKETSIDE LINGUINE WITH BEEF MEATBALLS &amp; MARINARA SAUCE” with “best if used by” dates SEP 22, 2025; SEP 24, 2025; SEP 25, 2025; SEP 29, 2025; SEP 30, 2025; and OCT 01, 2025.; 16-oz. plastic tray packages labeled “TRADER JOE’S CAJUN STYLE BLACKENED CHICKEN BREAST FETTUCINE ALFREDO” with “best if used by” dates 9/20/2025, 9/24/2025, or 9/27/2025 printed on the front label of the packaging. The product bears establishment number",,,,PHA-09252025-01-Labels; PHA-09252025-01-Trader_Joes.pdf,food,
39,39,FSIS,PHA-09192025-01,"10-oz. clear plastic clamshell packages containing “TRADER JOE’S TURKEY GOBBLER WRAP” with “BEST BY SEP 16, 2025.”",,,,pha-09192025-01-labels.pdf,food,
290973,126756,USCG,25CG0019,KEY LARGO BOATS LLC CARIBBEAN SKIFF 153CC,KEY LARGO BOATS LLC,CARIBBEAN SKIFF 153CC,,KLB,boat,
292719,128502,USCG,25MF0370,CHRIS CRAFT BOATS SPORTSTER 28,CHRIS CRAFT BOATS,SPORTSTER 28,,CCB,boat,
292721,128504,USCG,25CG0018,RANGER BOATS RANGER VS1665SC,RANGER BOATS,RANGER VS1665SC,,RGR,boat,
292718,128501,USCG,25MF0315,MAVERICK BOAT GROUP INC PATHFINDER 2400 TRS,MAVERICK BOAT GROUP INC,PATHFINDER 2400 TRS,,MVI,boat,
290970,126753,USCG,25MF0277,AXIS WAKE RESEARCH AXIS,AXIS WAKE RESEARCH,AXIS,,AWR,boat,
290972,126755,USCG,25CG0017,TIDEWATER BOATS LLC TIDEWATER 180 CC BAY,TIDEWATER BOATS LLC,TIDEWATER 180 CC BAY,,NLP,boat,
292720,128503,USCG,25CG0011,THUNDER BLADE 7 SEAS BAY SPORT 15,THUNDER BLADE,7 SEAS BAY SPORT 15,,TBX,boat,
292716,128499,USCG,25MF0286,MERCURY MARINE DTS CONTROLS,MERCURY MARINE,DTS CONTROLS,,115,boat,
290971,126754,USCG,26MF0181,VECO S.P.A. CLIMMA MARINE A/C,VECO S.P.A.,CLIMMA MARINE A/C,,999,boat,
290974,126757,USCG,25MF0285,MERCURY MARINE MULTIPLE MERCURY OB,MERCURY MARINE,MULTIPLE MERCURY OB,,115,boat,
292715,128498,USCG,25MF0217,"MALIBU INC CS22, CS23, R4, R6",MALIBU INC,"CS22, CS23, R4, R6",,FGE,boat,
290968,126751,USCG,25MF0117,"VOLVO PENTA V6 AND V8 WITH SX,..",VOLVO PENTA,"V6 AND V8 WITH SX,..",,111,boat,
290969,126752,USCG,25MF0118,VOLVO PENTA D4 AND D6,VOLVO PENTA,D4 AND D6,,111,boat,
292703,128486,USCG,25MF0036,"MALIBU INC A29,R30,R31,R33,R35",MALIBU INC,"A29,R30,R31,R33,R35",,FGE,boat,
292722,128505,USCG,25CG0001,"SORENSEN BOATS, LLC MAYCRAFT 1900 CC","SORENSEN BOATS, LLC",MAYCRAFT 1900 CC,,SBO,boat,
290982,126765,USCG,24CG0035,G3 BOATS SPORTSMAN 1610 SS,G3 BOATS,SPORTSMAN 1610 SS,,GEN,boat,
290985,126768,USCG,24CG0030,CUSTOM COMPOSITES RIVER VIXEN B-60,CUSTOM COMPOSITES,RIVER VIXEN B-60,,IFX,boat,
292724,128507,USCG,24CG0029,FIBERCRAFT BOATS MOUNTAIN SKIFF 170,FIBERCRAFT BOATS,MOUNTAIN SKIFF 170,,TBK,boat,
290981,126764,USCG,24MF0527,"MALIBU INC CS22, CS23, R4, R6",MALIBU INC,"CS22, CS23, R4, R6",,FGE,boat,
292712,128495,USCG,24CG0026,ALWELD COMMERCIAL BOATS INC 1752 PANFISH,ALWELD COMMERCIAL BOATS INC,1752 PANFISH,,AWL,boat,
292717,128500,USCG,24CG0017,VISION MARINE TECHNOLOGY PHANTOM,VISION MARINE TECHNOLOGY,PHANTOM,,QYT,boat,
292711,128494,USCG,24CG0015,NORTHPORT MARINE LLC F160SC,NORTHPORT MARINE LLC,F160SC,,MRR,boat,
292692,128475,USCG,24MF0390,DOMETIC N/A,DOMETIC,N/A,,999,boat,
292706,128489,USCG,24CG0012,FIBERCRAFT BOATS SAND SHARK PRO VEE 160,FIBERCRAFT BOATS,SAND SHARK PRO VEE 160,,TBK,boat,
292695,128478,USCG,24MF0239,SEA RAY BOATS MULTIPLE,SEA RAY BOATS,MULTIPLE,,SER,boat,
292709,128492,USCG,24CG0008,MI TIDE BOATS LLC V 1700,MI TIDE BOATS LLC,V 1700,,MTB,boat,
290976,126759,USCG,24CG0007,WELD CRAFT MFG INC 1652VV CC LW,WELD CRAFT MFG INC,1652VV CC LW,,WKG,boat,
290977,126760,USCG,24CG0006,MARATHON BOAT GROUP INC THE DUKE 1236,MARATHON BOAT GROUP INC,THE DUKE 1236,,GMM,boat,
292702,128485,USCG,24MF0193,PRINCECRAFT BOATS INC AMAROK 166 WS AND SC,PRINCECRAFT BOATS INC,AMAROK 166 WS AND SC,,QJT,boat,
290975,126758,USCG,24MF0168,INDMAR INDMAR,INDMAR,INDMAR,,999,boat,
290983,126766,USCG,24MF0156,"AVIARA BOATS, LLC AV36","AVIARA BOATS, LLC",AV36,,AVL,boat,
292691,128474,USCG,24MF0315,CUMMINS CUMMINS 6C8.3,CUMMINS,CUMMINS 6C8.3,,111,boat,
292694,128477,USCG,24MF0151,BRUNSWICK FAMILY BOAT CO INC DX2000 AND D20,BRUNSWICK FAMILY BOAT CO INC,DX2000 AND D20,,BLB,boat,
292690,128473,USCG,24CG0003,LEGEND CRAFT BOATS LLC 1448 SS,LEGEND CRAFT BOATS LLC,1448 SS,,LCF,boat,
